country,1991.x,1992.x,1993.x,1994.x,1995.x,1996.x,1997.x,1998.x,1999.x,2000.x,2001.x,2002.x,2003.x,2004.x,2005.x,2006.x,2007.x,2008.x,2009.x,2010.x,2011.x,2012.x,2013.x,2014.x,2015.x,2016.x,2017.x,2018.x,2019.x,1991.y,1992.y,1993.y,1994.y,1995.y,1996.y,1997.y,1998.y,1999.y,2000.y,2001.y,2002.y,2003.y,2004.y,2005.y,2006.y,2007.y,2008.y,2009.y,2010.y,2011.y,2012.y,2013.y,2014.y,2015.y,2016.y,2017.y,2018.y,2019.y
afghanistan,100,100,100,100,100,NA,NA,NA,NA,NA,100,100,99.9,99.9,98.8,97.9,98.1,98.2,96.5,96,95,94.5,94.1,93,91.7,88.8,86.5,86.5,86.5,42.5,42.5,42.5,42.5,42.4,42.4,42.3,42.2,42.2,42.2,42.3,42.4,42.6,42.7,42.9,42.9,42.8,42.7,42.4,42.2,42.3,42.4,42.5,42.7,42.9,43,43.2,43.4,43.5
albania,100,100,100,100,100,100,100,99.9,99.9,99.9,99.7,99.6,99,97.6,94,90.4,85,76.1,58.8,55,51,45.3,42.8,39.9,36.8,33.6,28.1,28.1,30.4,57.8,58.2,56.8,55.7,54.1,53.3,54.5,53.8,52.7,52.1,51.2,50.5,49.6,48.8,48,47.4,46.9,47.9,47.1,46.6,52,49.4,44.7,43.7,46,47.9,49.3,52,53.4
algeria,100,100,100,100,100,100,100,100,99.8,99.5,99.3,98.4,97.8,95.4,94.2,92.6,90.5,89.8,88.8,87.5,85.1,81.8,77.5,70.5,61.8,57,52.3,40.4,40.4,35.4,33.7,33.1,32.5,30.7,32.1,33.2,32.4,31.4,30.6,31.5,31.9,32.7,35.2,36,37.2,36.5,37.4,37.8,38.1,38.3,38,39.4,37.3,37.2,38.1,37.7,37.6,37.5
angola,100,100,100,100,100,100,100,100,99.9,99.9,99.9,99.7,99.6,99.5,98.9,98.5,98.3,98.1,97.7,97.2,96.9,93.5,91.1,78.6,87.6,87,85.7,85.7,85.7,75,75,75.2,75.1,74.9,74.9,74.8,74.7,74.6,74.5,74.5,74.4,74.3,74.2,74.2,74.2,74.3,74.3,74.3,70,71.7,71.8,71.8,71.9,71.9,72,72.1,72.1,72.1
argentina,100,100,100,100,99.9,99.9,99.7,99.2,96.7,93,90.2,89.1,88.1,84,82.3,79.1,74,71.9,66,55,49,44.2,40.1,35.3,32,29,25.7,25.7,25.7,57.3,56.9,54.9,54,49.5,50.7,52.5,54.1,53.1,52.6,51,49.2,52.2,53.9,54.8,56,56.3,56,55.8,55.7,56.3,56.1,56,55.4,55.5,55.5,55.5,55.7,55.5
armenia,100,100,100,100,100,99.9,99.9,99.9,99,98.7,98.4,98,95.4,95.1,94.8,94.4,94,93.8,84.7,75,68,62.5,58.1,45.4,40.9,35.6,35.3,35.3,35.3,56,55.5,53.1,52,51.4,49.6,48.4,48.8,47.5,47.1,47,46.7,46.5,46.5,46.6,46.9,47.4,45.5,43.8,45.6,47,47.9,48.8,47.5,46.5,45.9,45.6,43.1,43
australia,98.9,98.2,98,97.8,97.2,96.7,83.6,69.2,59.2,53.2,47.3,47.3,47.3,47.3,37,34,30.6,28.3,25.8,24,20.5,21,16.6,16,15.4,13.5,13.5,13.5,13.5,57.2,56.2,55.8,57,58.3,58.3,58,58.4,58.7,59.4,59.3,59.6,60,60.2,61.3,61.8,62.5,62.9,61.9,62.2,62.3,61.9,61.4,60.9,61.2,61.3,61.6,62.2,62.5
austria,99.7,99.4,99.2,98.6,98.1,93.1,90.5,84.6,77,66.3,60.8,63.4,57.3,45.7,42,36.4,30.6,27.1,26.6,24.8,21.3,20,19.4,19,16.1,15.7,12.1,12.3,12.3,54.3,54.8,54.7,56.5,56.5,55.4,55.2,55.3,55.9,55.8,55.6,56,56,53.5,54.8,55.4,56.5,57.2,56.8,57.1,57.3,57.4,57.2,56.8,56.7,56.9,57.2,57.8,58
azerbaijan,100,100,100,100,100,100,100,100,99.9,99.8,99.7,95,95,95,92,88,85.5,82.9,72.6,54,50,45.8,27,25,23,21.8,21,20.2,20.2,72.1,73.6,74,74.5,74.7,73.7,72.4,70.9,69.6,68,67,65.9,64.9,64,63.4,62.5,62,61.3,61,60.9,60.7,60.9,61.3,61.9,62.3,63,63.3,63.6,63.3
bahamas,100,100,100,100,99,98.3,98.6,97.7,96.2,92,88.2,82,80,78,75,74,73,68.5,66.1,57,35,28.3,28,23.1,22,20,15,15,15,64,62.8,65,64.7,67,66.5,67.8,69.3,69.4,69.5,69.9,68.4,67,67.5,67.4,69.5,69.4,69.2,64.6,64.5,64.3,64.8,63.2,65.1,66.5,66,68.2,68.1,68
bahrain,100,100,100,100,99.7,99.2,98.3,96.8,95.3,93.8,85,82,78.5,78.5,78.7,71.8,67.1,48,47,45,23,12,10,9.5,6.52,2,4.12,1.36,0.3,64,64.1,64.3,64.6,65,64.7,64.5,64.5,64.7,65.2,65.2,65.5,66.1,66.9,67.9,68.3,68.9,69.7,70.6,71.4,70.6,70.6,70.6,70.7,70.7,71.1,71.6,72.1,72.4
bangladesh,100,100,100,100,100,NA,100,100,100,99.9,99.9,99.9,99.8,99.8,99.8,99,98.2,97.5,96.9,96.3,95.5,95,93.4,86.1,85.6,82,85,85,87.1,56.5,56.5,56.5,56.4,56.5,56.4,56.2,56.1,55.9,55.8,55.5,55.3,55,55,55,55.3,55,54.7,54.2,55,54.7,54.5,54.2,54.2,54.2,54.1,56.3,56.5,56.6
barbados,100,100,100,100,100,99.6,99.2,98,97.6,96,88.1,72.2,60.3,50.2,47.5,44.7,41.8,38.6,35.3,34.9,33.5,28.8,28.2,24.8,23.9,20.4,18.2,18.2,18.2,51.9,52.6,52,53.4,56.2,59,59,60.3,61.3,62,61.6,61.3,60.9,62.4,62.6,62.7,63.4,62.6,61,60.2,59.7,58.5,59.2,57,57.9,59.6,59.3,59,58.7
belarus,100,100,100,100,100,100,100,99.9,99.5,98.1,95.7,91,91,91,91,83.8,80.3,77,72.6,68.2,60.4,53.1,45.8,41,37.8,28.9,25.6,20.9,17.2,58.7,57.4,54.3,52.1,49.5,45.3,49.2,50.7,51.3,52,52.7,53.4,54.1,54.9,55.7,56.5,57.3,58.1,58.8,59.2,59.5,59.8,60.1,60.3,60.5,60.6,60.8,61.5,61
belgium,100,99.9,99.8,99.3,99,97,95.1,92.1,86.2,70.6,68.7,53.7,50,46.1,44.2,40.3,35.6,34,30,25,18.4,19.3,17.8,15,14.9,13.5,12.3,11.3,9.63,45.7,46.1,45.5,45.3,45.7,45.5,45.9,46,47.4,48.8,47.6,47.4,47.1,48,48.7,48.6,49.6,49.9,49.2,49.5,49.3,49.1,49,49,48.9,49.1,49.6,50.5,51
belize,100,100,100,100,100,99.1,98.7,97.9,95.9,94,94,94.3,94.3,90.2,83,76,75.4,73.7,72.8,71.8,69.3,69,66.4,61.3,58.4,55.4,52.9,52.9,52.9,53,53,52.9,52.1,51.4,50.9,51.9,51.4,52.7,54.4,56,56,56.3,56.6,56.9,57.8,58.3,58.4,58.1,58,58,58,58,58.6,59.2,60.5,60.6,60.8,61
benin,100,100,100,100,100,100,100,100,99.8,99.8,99.6,99.3,99,98.8,98.7,98.5,98.2,98.2,97.8,96.9,95.8,95.5,95.1,94,88.8,88,80,80,80,71.4,71.4,71.5,71.6,71.7,71.8,71.8,71.8,71.7,71.6,71.5,71.3,71.3,71.3,71.3,71.2,71,70.8,70.6,70.3,69,69,68.9,68.9,69,69,69.1,69.1,69.1
bhutan,100,100,100,100,100,NA,NA,NA,99.9,99.6,99.1,98.3,97.6,96.8,96.2,95.5,94.1,93.5,92.8,86.4,85.6,84.4,77.6,69.7,60.2,58.2,51.9,51.9,51.9,70.8,70.5,70,69.6,69.2,69.1,69,68.9,68.9,68.8,68.7,68.8,69,68.7,68.5,68.4,67.9,67.9,67.6,66,64.2,62.5,62.4,61,64.3,64.7,65,65.4,65.7
bolivia,100,100,100,100,99.9,99.8,99.5,99.4,99,98.6,97.9,96.9,96.5,95.6,94.8,93.8,89.5,87.5,83.2,77.6,70,64.7,63,65.4,64.4,60.3,56.2,56.2,56.2,67.8,67.7,67.8,68,68.2,68.4,68.6,68.7,68.7,68.8,69.2,69.5,69.9,70.3,70.6,71,70,70.3,70,70.2,70.3,67.5,67.6,69.8,65,65.3,66.5,69.4,69.6
bosnia and herzegovina,100,100,100,100,100,100,99.9,99.9,99.8,98.9,98.8,97.3,96,84.5,78.7,74.9,72.1,65.3,62.3,57.3,56.1,54.9,51.5,50.1,47.4,39.7,35.1,29.9,30.1,41.5,41.2,40.5,39.6,38.6,37.8,37.3,36.5,35.5,34.7,34,33.1,32.4,31.7,30.8,30.2,31.6,34.7,34.4,33.4,33.1,33.2,33.3,34.1,33.9,34.9,37,38,40
botswana,100,100,100,100,99.9,99.8,99.7,99.4,98.9,97.1,96.6,96.6,96.7,96.7,96.7,95.7,94.7,93.8,93.8,94,91,84,70,63.3,62.7,60.6,53,53,53,52.1,50.8,49.2,47.6,47.4,47.2,47.3,47.5,48.4,49.1,47.8,46.6,45.2,46.7,48.1,49.4,50.7,51.9,52.8,49.4,52.8,55.7,58.1,58.2,58.3,58.4,58.4,58.4,58.4
brazil,100,100,100,100,99.9,99.5,99.2,98.5,98,97.1,95.5,90.8,86.8,80.9,79,71.8,69.1,66.2,60.8,59.4,54.3,51.4,49,45.5,41.7,39.1,32.5,32.5,32.5,58.1,58.5,59.1,59.4,59.7,57.9,57.9,57.3,57.3,57.8,58.1,58.9,58.5,59.8,60,60.3,60.2,60.8,60.2,59.7,59.2,59.7,59.7,59.6,58.6,56.4,55.8,56.1,56.8
brunei,100,100,100,100,99,96.7,95.2,93.7,92.3,91,87.1,84.7,80.4,70.3,63.5,57.8,55.3,54,51,47,44,39.7,35.5,31.2,28.8,10,5.13,5.4,5,62.1,62.3,62.5,62.8,63.1,63.1,63.3,63.5,63.9,64.2,63.9,63.5,63.3,63.1,63,62.6,62.2,62,62.1,62.1,62,61.9,61.7,61.4,60.8,60.1,59.4,60.8,60.2
bulgaria,100,100,100,100,99.9,99.3,98.8,98.2,97.1,94.6,92.4,90.9,88,81.9,80,72.9,66.4,60.3,55,53.8,52,48.1,46.9,44.5,43.3,40.2,36.6,35.2,32,49.9,50,49.1,48.2,47.4,46.6,45.8,45.7,43.8,41.8,41.4,41.9,43.4,44.9,45.3,47.6,50.1,52,50.6,47.9,46.6,46.6,46.9,48,49.2,49.4,52,52.6,54.4
burkina faso,100,100,100,100,100,100,100,100,99.9,99.9,99.8,99.8,99.6,99.6,99.5,99.4,99.3,99.1,98.9,97.6,97,96.3,90.9,90.6,86,86,84,84,84,81.1,80.5,80,79.4,78.8,78.3,77.7,77.1,76.4,75.7,75,74.3,73.5,72.4,71.2,70.7,70.3,69.3,68.2,67.1,66,64.8,63.5,62.3,62.6,62.9,63.2,63.4,63.4
burundi,100,100,100,100,100,100,100,100,100,99.9,99.9,99.9,99.8,99.7,99.5,99.3,99.3,99.2,99.1,99,98.9,98.8,98.7,98.6,95.1,94.8,97.3,97.3,97.3,88.5,88,87.3,86.6,85.9,85.1,84.3,83.5,82.7,82,81.3,80.7,80,79.5,79,78.6,78.3,77.9,77.6,77.4,77.3,77.2,77.1,77,77.4,77.7,77.9,78,78.1
cambodia,100,100,100,100,100,NA,100,100,100,100,99.9,99.8,99.7,99.7,99.7,99.5,99.5,99.5,99.5,98.7,96.9,95.1,93.2,86,93.6,67.6,67.5,60,60,78.4,78.7,79,80.2,80,79.7,79.6,79.4,79.2,78,82.6,81.9,80.9,79.5,79.9,80.4,80.8,81.5,82.1,84.6,85.4,83,80.4,80.1,80,81.8,82.1,82,81.9
cameroon,100,100,100,100,100,NA,100,100,99.9,99.8,99.7,99.6,99.4,99,98.6,98,97.1,96.6,96.2,95.7,95,92.5,90,83.8,79.3,76.8,76.8,76.8,76.8,76.9,76.8,76.8,76.6,76.5,76.4,76.4,76.3,76.2,76.1,76.1,76.6,77.1,77.6,78.2,78.7,79.2,77.3,75.1,72.9,73.1,73.2,73.4,73.6,73.6,73.6,73.7,73.6,73.6
canada,99.4,99.1,98.8,97.6,95.8,93.2,84.9,75.1,63.8,48.7,39.8,38.4,35.8,34,28.3,27.6,26.8,23.3,19.7,19.7,17,17,14.2,12.9,10,8.84,9,9,9,59.4,58,57.6,58,58.3,58,58.5,59.3,60.1,60.8,60.6,61.2,62,62.2,62.2,62.4,63,63.1,61.2,61.3,61.4,61.4,61.5,61.2,61.1,60.9,61.4,61.5,61.9
cape verde,100,100,100,100,100,NA,99.8,99.5,98.8,98.2,97.3,96.5,95.7,94.7,93.9,93.2,91.7,86,79,70,68,65.3,62.5,59.7,57.3,49.7,42.8,41.8,41.8,55,54.9,54.8,54.6,54.5,54.2,53.9,53.5,53,52.7,52.4,52.1,51.8,51.6,51.5,51.7,52,52.2,52.2,52.3,52.4,52.6,52.7,52.8,52.8,52.8,52.8,53,53.1
central african republic,100,100,100,100,100,100,100,100,100,100,99.9,99.9,99.8,99.8,99.7,99.7,99.6,99,98.2,98,97.8,97,96.6,96.4,96.2,96,95.7,95.7,95.7,69.7,69.7,69.7,69.6,69.5,69.5,69.5,69.4,69.3,69.3,69.3,69.3,69.3,69.3,69.4,69.5,69.7,69.8,69.6,69.5,69.7,69.7,70,69.9,69.8,69.6,69.4,69.2,68.9
chad,100,100,100,100,100,NA,100,100,100,100,100,99.8,99.7,99.6,99.6,99.4,99.2,98.8,98.5,98.3,98.1,97.9,97.5,97.1,96.5,95,93.5,93.5,93.5,71.7,71.7,71.8,71.7,71.7,71.7,71.7,71.7,71.6,71.6,71.6,71.5,71.4,71.1,71,71,70.9,70.8,70.6,70.4,70.3,70.1,69.9,69.8,69.6,69.6,69.5,69.4,69.2
chile,100,100,99.9,99.9,99.7,99.3,98.9,98.3,95.9,83.4,80.9,77.9,74.5,71.8,68.8,65.5,64.1,62.7,58.4,55,47.8,45,42,38.9,23.4,16.4,17.7,17.7,17.7,52,52.9,53.1,52.5,53.6,52.4,52.8,52.9,50.6,50.4,49.8,49.6,50.4,50.9,51.9,52.8,53.7,54.5,53.2,55.3,57.1,57.5,57.9,57.8,58,57.8,58,58,57.8
china,100,100,100,100,100,100,100,99.8,99.3,98.2,97.4,95.4,93.8,92.7,91.5,89.5,84,77.4,71.1,65.7,61.7,57.7,54.2,52.1,49.7,46.8,45.7,45.7,45.7,77.2,77.1,76.8,76.6,76.4,76.2,75.9,75.6,75.2,74.8,73.7,72.7,71.6,70.9,70.2,69.8,69.4,68.8,68.4,68,67.9,67.6,67.3,67.1,66.8,66.5,66.1,65.8,65.1
colombia,100,100,100,99.9,99.8,99.7,99.5,98.9,98.3,97.8,97.2,95.4,92.6,90.9,89,84.7,78.2,74.4,70,63.5,59.6,51,48.3,47.4,44.1,41.9,37.7,37.7,35,60,60.7,62,62,62,59.9,59.8,57.8,54.1,53.9,57.7,57.3,58.8,57.9,58.4,57.8,57.1,57.5,59.3,60.7,61.9,63,63.2,63.6,64.1,63.5,63,62.4,61
comoros,100,100,100,100,100,NA,100,100,99.8,99.7,99.6,99.5,99.2,98.7,98,97.8,97.5,97,96.5,94.9,94.5,94,93.5,93,92.5,92.1,91.5,91.5,91.5,40.5,40.4,40.4,40.5,40.5,40.5,40.4,40.3,40.2,40,40,39.9,39.9,39.9,40,40.1,40.3,40.5,40.6,40.7,40.9,41.1,41.2,41.4,41.6,41.7,41.8,41.9,42
"congo, dem. rep.",100,100,100,100,100,100,100,100,100,100,100,99.9,99.9,99.8,99.8,99.7,99.6,99.6,99.4,99.3,98.8,98.3,97.8,97,96.2,93.8,91.4,91.4,91.4,68.8,69,69.2,69.2,69.2,69.3,69.4,69.4,69.4,69.5,69.6,69.6,69.6,69.6,69.6,68.5,67.4,66.2,64.9,63.7,62.4,61.1,61.1,61.1,61.1,61.1,61.1,61,61
"congo, rep.",100,100,100,100,100,100,100,100,100,100,100,99.8,99.5,98.9,98.5,98,97.2,95.7,95.5,95,94.4,93.9,93.4,92.9,92.4,91.9,91.3,91.3,91.3,54.8,54.6,54.4,54.4,54.3,54.3,54.3,54.4,54.5,54.5,54.7,54.7,54.8,55,55.2,56.1,57.1,57.9,58.3,59.9,61.5,62.9,62.9,62.9,62.9,62.9,62.9,62.8,62.7
costa rica,100,100,99.9,99.7,99.6,99.2,98.4,97.3,96.1,94.2,90.4,80.1,79.7,79.2,77.9,74.9,71.6,67.7,65.7,63.5,60.8,52.5,54,47,40.2,34.1,28.6,25.9,18.8,55.2,55.2,55.9,56.2,56.4,54,56.3,58,57.2,56.5,58.1,57.5,57.4,56.4,58.4,58.5,60.1,59.6,57.2,56.5,54.1,57.6,57.8,57.3,56.4,54.3,55.3,56.2,57.1
cote d'ivoire,100,100,100,100,100,100,100,99.9,99.9,99.8,99.6,99.5,99.2,99.2,99,98.5,98.2,98.1,98,97.3,97.1,95,88,80.7,61.6,58.8,56.2,53.2,63.5,63.1,62.9,63.3,63.7,64,63.8,63.7,63.6,62.9,62.2,61.5,60.8,60.1,59.4,58.8,58.1,57.5,56.8,55.9,55.1,54.4,53.7,54.8,54.6,54.3,54,52,52,52
croatia,100,100,99.9,99.7,99.5,99.1,98.3,96.7,95.6,93.4,88.4,82.2,77.3,69.1,66.9,62,58.6,55.8,49.4,43.5,42.2,38.1,33.3,31.4,30.2,27.3,32.9,27.3,20.9,51.2,50.9,50.7,50.4,50,49.7,49.4,48.1,46.6,45,44.9,44.4,45,46.2,46.6,46.9,47.8,48.7,48.4,46.6,44.7,43.1,41.9,43.1,44,44.5,45.8,47,48.1
cuba,100,100,100,100,100,100,99.9,99.8,99.7,99.5,98.9,96.2,94.8,91.6,90.3,88.8,88.3,87.1,85.7,84.1,84,78.8,72.1,70.9,62.7,57,42.9,42.9,38.2,46,46.3,46.6,46.9,47.1,47.7,48,48.4,48.4,48.9,49.5,50,50.5,50.8,51.5,52,53,53.5,54.5,53.6,53.1,52.8,52.8,52.9,52.9,52.9,53,52.8,52.6
cyprus,100,100,99.9,99.9,99.6,99.3,95.6,91.1,88.7,84.7,81.2,71.7,69.9,66.2,67.2,64.2,59.2,57.7,50.2,47,43.1,39.3,34.5,30.7,28.3,24.1,19.3,15.6,13.9,59,58.8,58.7,58.7,58.2,58.2,58,57.4,57,57.8,59.6,60,60.4,60.7,59.7,60.4,61.1,61.1,60.2,60,58.2,55.4,52.7,53.1,53.3,54,55.4,57.9,59.3
czech republic,100,100,99.4,98.7,98.5,98.1,97.1,96.1,93.2,90.2,85.3,76.1,65.7,64.5,64.7,52.1,48.1,37,35.6,31.2,29.5,26.6,25.9,25.8,24.3,23.5,21.3,19.3,19.1,59.9,59.3,58.7,58.9,58.9,58.7,57.9,56.9,55.5,54.9,55,55.4,54.9,54.3,54.8,55.1,55.7,55.9,54.7,54.1,54.3,54.6,55.2,55.8,56.6,57.8,58.7,59.4,59.3
denmark,99.8,99.6,99.4,98.7,96.2,94.3,88.6,77.3,69.4,60.8,57,35.8,23.7,19.1,17.3,13.3,15,15,13.2,11.3,10.2,7.74,5.37,4.01,3.67,3.03,2.9,2.36,1.95,61.1,61,59.3,59.3,60.8,60.9,62.2,62.2,62.8,62.8,62.7,63.3,62,62.6,62.7,63.7,63.4,62.8,60.3,58.6,58.1,57.4,56.8,56.9,57.3,57.7,57.9,58.5,59.1
djibouti,100,100,100,100,100,100,99.9,99.9,99.9,99.8,99.7,99.5,99.4,99.2,99,98.7,98.4,97.7,96,93.5,93,91.7,90.5,89.3,88.1,86.9,44.3,44.3,44.3,55.9,55.8,55.5,55.3,55.2,55.1,55.1,55.1,55,54.9,54.8,54.4,54.1,53.8,53.6,53.6,53.7,53.8,53.8,53.8,53.8,53.7,53.7,53.6,53.6,53.6,53.6,53.6,53.5
dominican republic,100,100,100,100,100,99.9,99.9,99.8,98.9,96.3,95.6,93.2,92.1,91.1,88.5,85.2,82.3,79.2,72.3,68.6,62,57.7,54.1,50.4,45.8,36.1,32.4,25.2,25.2,55,55.1,55.1,55.1,55.2,55.3,55.4,55.5,55.6,55.7,54.1,54.9,53.8,54.1,53.8,55.4,55.4,56,53.5,55,56.1,56.4,56.3,57,58.9,59.4,60.4,61.9,62.7
ecuador,100,100,100,100,100,99.9,99.9,99.9,99.2,98.5,97.3,95.7,95.5,95.2,94,92.8,89.2,81.2,75.4,71,68.6,64.9,59.7,54.4,51.1,45.9,42.7,42.7,42.7,61.3,61.5,61.6,61.9,62.1,62.3,62.5,64.9,64.6,64.3,64.3,63.5,62.6,65.3,65.6,67,65.9,65.5,63.2,62.5,62.1,62.8,62.3,61.8,64.1,65.3,66.4,65.6,65.3
egypt,100,100,100,100,100,99.9,99.9,99.8,99.7,99.4,99.2,97.3,96,88.1,87.3,86.3,84,82,80,78.4,74.4,73.6,70.6,66.1,62.2,58.8,55,53.1,42.7,42.3,42.5,41.6,42.4,41.4,41.8,41.6,41.3,42.7,42,41.4,40.6,40.6,41.4,41.4,42.1,43.9,43.9,44.2,44.8,43,43,43.1,43.1,41.7,41.8,41,40.5,40.5
el salvador,100,100,100,100,100,99.9,99.7,99.6,99.2,98.8,98.5,98.1,97.5,96.8,95.8,94.5,93.9,89.9,87.9,84.1,81.1,79.7,76.9,75.2,73.2,71,66.2,66.2,66.2,56.3,56.3,55.8,58,57.3,56,55.6,57.8,57.8,57.2,56.7,56.9,57.9,56.8,56.5,57.3,57.9,58.1,57.1,57,57.2,58.1,58.6,57.1,56.5,56.9,56.6,56.6,56.8
equatorial guinea,100,100,100,100,100,NA,100,99.9,99.9,99.9,99.8,99.7,99.5,99.2,98.8,98.7,98.4,98.2,97.9,94,88.5,86.1,83.6,81.1,78.7,76.2,73.8,73.8,73.8,55,55,55,55,54.9,54.5,54.2,54,53.9,54.1,54,54,54.3,54.8,55.3,55.4,55.6,55.9,56.1,56.6,56.5,56.4,56.5,56.9,57.2,56.9,56.8,56.8,57
eritrea,100,100,100,100,100,100,100,100,100,99.9,99.8,99.8,99.8,99.8,99.8,99.8,99.6,99.5,99.5,99.4,99.3,99.2,99.1,99,98.9,98.8,98.7,98.7,98.7,75.7,75.7,75.5,75.3,75.1,74.8,74.5,74.2,73.7,73.4,72.6,71.8,71.2,70.6,70.3,70.7,71.2,71.7,71.9,72.3,72.8,73.3,73.7,73.8,74.1,74.1,74.2,74.1,73.9
estonia,100,99.9,99.7,98.8,97.2,96.5,94.3,89.2,85.5,71.4,68.5,58.5,54.7,46.8,38.5,36.5,33.8,29.4,27.5,25.9,23.5,21.6,20,15.8,11.6,12.8,11.9,10.6,10.5,61.9,60.4,58.4,57.5,55.8,55.1,55.2,54.7,52.4,51.1,50.5,51.1,52.2,52.9,53.9,57,57.9,58,52.6,50.4,53.7,55.1,56,56.6,58.4,58.7,60.1,60.4,60.7
eswatini,100,100,100,100,100,100,99.9,99.9,99.5,99.1,98.7,98.2,97.6,96.8,96.3,96.3,95.9,93.2,91.1,89,81.9,79.2,75.3,73.8,74.4,71.4,53,53,53,41.4,41.4,41.3,41.2,41,40.6,40.1,39.5,38.8,38.3,38.1,37.7,37.5,37.2,36.8,36.6,36.5,36.9,36.9,37.2,37.6,38,38.4,38.9,39.3,39.9,40.3,40.5,40.8
ethiopia,100,100,100,100,100,100,100,100,100,100,100,99.9,99.9,99.8,99.8,99.7,99.6,99.5,99.5,99.3,98.9,97.1,95.4,92.3,86.1,84.6,81.4,81.4,81.4,75.7,75.7,75.6,75.6,75.9,76.2,76.5,76.8,77,77.5,78,78.5,79.1,79.6,80.1,80,79.9,79.8,79.5,79.3,79.2,79,78.9,78.6,78.4,78.2,78,77.8,77.7
fiji,100,100,100,100,100,99.9,99.8,99.4,99.1,98.5,98.1,93.8,93.3,92.6,91.5,90.4,89.1,87,83,80,72,66.3,64.8,62.6,57.5,53.5,50,50,50,57.9,57.6,57.5,57.3,57.2,57,56.5,56,55.5,55.1,55,54.9,54.8,54.8,54.8,55.7,56.5,57.3,58,58.8,59.7,58.7,57.7,56.6,56.2,55.6,55.5,55.3,55.2
finland,98.6,98.1,97.4,95.1,86.1,83.2,80.5,74.5,67.7,62.8,56.9,37.6,30.8,27.6,25.5,20.3,19.2,16.3,17.5,13.1,11.3,10.1,8.49,13.5,13.6,12.3,12.5,11.1,10.4,59.6,55.1,51.5,50.7,49.7,50,51,52.1,53.7,54.2,54.9,54.9,54.6,54.3,55.5,56.3,57.1,57.6,55.5,54.8,55.2,55.1,54.2,53.8,53.3,53.3,53.7,54.9,55.3
france,99.9,99.7,99.4,99.1,98.4,97.4,95.8,93.7,90.9,85.7,73.7,69.8,63.9,60.9,57.1,53.1,33.9,29.3,28.4,22.7,22.2,18.6,18.1,16.3,22,20.7,19.5,18,16.7,50,49.5,48.9,48.1,48.6,48.6,48.2,48.5,48.8,49.7,50.3,50.5,51.3,50.8,51.1,51.1,51.6,52.1,51.3,51.1,50.9,50.8,50.4,49.9,49.8,49.8,50.1,50.3,50.3
gabon,100,100,100,100,100,100,100,99.8,99.8,98.8,98.7,98.1,97.3,97,95.1,94.5,94.2,92.5,90.5,87,82,76,69.5,61.9,54.2,52,38,38,38,38.5,38.5,38.3,38.3,38.3,38.3,38.3,38.4,38.6,38.8,38.9,39,39.1,39.4,39.6,39.6,39.5,39.6,39.4,39.4,39.5,39.7,40,40.5,41,41.4,41.9,42.2,42.5
gambia,100,100,100,100,100,100,100,99.8,99.3,99.1,98.7,98.2,97.6,96.7,96.2,94.8,93.8,93.1,92.4,90.8,89.1,87.5,86,84.4,83.5,81.5,80.2,80.2,80.2,52.5,52.6,52.7,52.8,52.9,52.9,52.9,52.9,52.8,52.8,52.8,52.8,52.7,52.8,52.8,53,53.1,53.1,53,53.1,53.2,53.4,53.4,53.5,53.6,53.7,53.9,53.9,54
georgia,100,100,100,100,100,100,99.9,99.9,99.6,99.5,99,98.4,97.4,96.1,93.9,92.5,91.7,90,79.9,73.1,68.5,63.1,56.7,56,52.4,41.5,40.3,36,31.1,66.3,65.2,66.1,64.9,64.7,60.5,59.1,56.5,56.5,56.6,58.6,55.9,57.8,56.1,55.3,55.6,56,53.2,51.5,52.9,54.1,54.9,54.6,56.6,57.8,57.1,57.4,56.2,56.3
germany,99.8,99.6,99.5,99.1,98.2,97,93.3,90.1,79.2,69.8,68.3,51.2,44.1,35.3,31.3,27.8,24.8,22,21,18,18.7,17.6,15.8,13.8,12.4,15.8,15.6,10.3,11.9,56.5,55.3,53.9,53.4,53.4,52.9,52.4,52.4,53.2,53.5,53.5,52.9,52.2,51.4,51.9,52.8,54.1,54.8,54.8,55.3,56.5,56.7,57.1,57.2,57.3,57.8,58.3,58.8,59.3
ghana,100,100,100,100,100,100,100,100,99.9,99.8,99.8,99.2,98.8,98.3,98.2,97.3,96.2,95.7,94.6,92.2,91,89.4,85,74.5,75,65.3,61,61,61,71.4,71.4,71,70.5,70.1,69.7,69.3,68.8,67.3,67,67.3,67.5,67.7,67.8,68,68.1,67.8,67.4,66.8,66.4,65.8,65.2,64.6,64,63.4,64.3,65.1,65.1,65
greece,100,100,99.8,99.6,99.3,98.6,98.2,96.8,93.1,90.9,89.1,85.3,82.2,78.6,76,67.8,64.1,61.8,57.6,55.6,48.4,44.9,40.1,36.8,33.2,30.9,29.4,27.1,24.3,46.1,46.7,46.1,46.6,47,47.3,47.1,47.3,47.1,47.4,46.9,47.5,48.1,48.4,48.4,48.9,49,49.1,48.3,46.6,43.4,39.8,38,38.3,39.2,40,41,42,43.2
guatemala,100,100,100,100,100,100,99.9,99.5,99.4,99.3,98.3,96.6,95.5,94.9,94.3,93.5,92.7,91.7,90.7,89.5,87.7,84,80.3,76.6,71.2,65.5,35,35,35,60.2,60.2,60.1,60.1,60.1,60.1,60.1,60.2,60.3,60.4,60.5,60.6,60.7,60.8,60.6,60.4,60.2,60,59.6,59.3,59.4,64.2,59.4,60.1,59.9,60.3,60.7,60.9,61.2
guinea,100,100,100,100,100,100,100,100,99.9,99.9,99.8,99.6,99.5,99.5,99.5,99.4,99.2,99.1,99.1,99,98,96.9,95.5,93.6,91.8,90.2,82,82,82,61.4,61.5,61.4,61.4,61.3,61.3,61.3,61.3,61.2,61.1,61.1,61,60.9,60.8,60.7,60.7,60.7,60.6,60.4,60.2,60.1,59.9,59.8,59.7,59.6,59.3,59.1,59,58.9
guinea-bissau,100,100,100,100,100,NA,100,100,99.9,99.8,99.7,99,98.7,98.2,98.1,97.9,97.8,97.7,97.7,97.5,97.3,97.1,96.9,96.7,96.5,96.2,96.1,96.1,96.1,71.1,71,70.9,70.8,70.7,70.5,70.3,70.4,70.2,70,69.9,69.8,69.7,69.7,69.6,69.6,69.6,69.6,69.5,69.5,69.5,69.6,69.7,69.8,69.9,69.9,70,70,70.1
guyana,100,100,100,100,100,99.9,99.9,99.7,96,93.4,86.8,86.8,86.8,86.8,86.8,86.8,86.2,81.8,76.1,70.1,70,69.5,69,68,66,64.3,62.7,62.7,62.7,52.8,52.9,52.9,52.4,51.9,51.5,51.2,51,50.7,50.5,50.1,49.6,49.8,49.9,49.9,50.1,49.9,49.6,49.1,48.8,48.5,48.3,48,47.8,47.6,47.4,47.3,47.1,47.2
haiti,100,100,100,100,100,100,100,100,99.9,99.8,99.7,99.1,98.3,94.6,93.6,93.2,92.8,92.4,91.9,91.6,91,90.2,89.4,88.6,87.8,87.8,87.7,67.5,67.5,62.5,62.2,61.8,61.4,61,60.5,60.1,59.6,59.1,58.1,57.5,56.9,56.3,55.8,55.2,54.6,54,54.8,55.1,55.7,56.4,57,57.3,57.6,57.8,58.1,58.4,58.7,59
honduras,100,100,100,100,100,100,99.8,99.7,99.4,98.8,98.6,97.4,95.2,94.4,93.5,92.2,90.6,90.4,90.2,88.9,84.1,81.9,82.2,80.9,72.9,70.5,68.3,68.3,68.3,63,64.1,64.2,64.3,64.4,63.8,64.6,64.3,64.5,63.5,62.4,62.1,61,60.3,60.7,60.1,59.4,60.1,61.1,61.7,59.4,59,61.5,61.9,62.5,61.7,63.3,64.9,65.1
"hong kong, china",99.9,99.2,98.7,97.2,96.8,95.3,89.5,85.5,78.8,72.2,61.3,56.9,47.8,43.6,43.1,39.2,35.2,33.3,30.6,28,27.8,27.1,25.8,20.1,15.1,12.5,10.6,10.6,8.26,62.5,61.5,60.9,60.7,60,59.9,60,58.5,57.5,58.3,58.1,57.1,56.4,57,57.5,57.9,58.4,58.2,57.1,56.6,57.6,58.1,58.8,58.7,58.8,58.6,58.7,58.5,58.1
hungary,100,100,99.8,99.5,99.3,99,98.1,96.1,94.1,93,85.5,83.3,78.4,72.3,61,52.9,46.7,39,38,35,32,29.4,27.4,24.4,27.2,20.7,23.3,23.9,19.6,49.1,49,46,45,44.4,43.3,43,43.6,45.4,45.8,46,46,46.7,46.5,46.5,46.8,46.6,46.1,45,44.9,45.2,45.9,46.8,49.5,51.1,52.9,53.9,54.5,54.9
iceland,99.5,98.5,97.3,93.2,88.8,85.2,72.5,63.7,58.7,55.5,50.6,20.9,16.9,16.1,13,10.5,9.4,9,7,6.61,5.18,3.79,3.45,1.84,1.8,1.76,1.74,0.99,0.99,72.4,72,70.5,70.5,72.7,72.8,71.9,73.7,75.5,76.8,76.6,74.7,73.7,73.3,73.8,74.5,75,73.8,69.3,69.2,69.1,69.9,71.1,72.5,74,75.4,74.5,73.3,71.7
india,100,100,100,100,100,100,99.9,99.9,99.7,99.5,99.3,98.5,98.3,98,97.6,97.2,96,95.6,94.9,92.5,89.9,87.4,84.9,79,83,78,65.5,65.5,65.5,55.1,55.1,55,55,54.9,54.8,54.6,54.5,54.3,54.2,54.3,54.4,54.5,54.7,54.9,54.2,53.5,52.7,51.9,51.1,50.3,49.4,49,48.5,48.1,47.6,47.2,46.8,46.7
indonesia,100,100,100,100,100,99.9,99.8,99.7,99.6,99.1,98,97.9,97.6,97.4,96.4,95.2,94.2,92.1,93.1,89.1,87.7,85.5,85.1,82.9,78,74.5,67.7,60.2,52.3,63.8,64.1,63.3,63.5,63.4,63.3,63,62.9,62.6,63.1,62.3,60.9,60.5,60.3,58.8,59.2,60.9,61.8,62.6,63.4,63.8,64.7,64.1,64.1,63.5,63.3,64.2,64.5,65.5
iran,100,100,100,100,100,100,100,99.9,99.6,99.1,98.5,95.4,93.1,92.5,91.9,91.2,90.5,88,86.2,84.1,81,77.3,70,60.6,54.7,46.8,36,30,30,40.6,40.4,40,39.8,39.4,39.1,39.1,39,39,39.1,39.3,39.5,40.7,41.9,41.7,41.2,40.5,38.6,38.4,37.1,37.2,36.8,37.4,37,37.8,38.5,39.4,39.5,40.1
iraq,100,100,100,100,100,NA,NA,NA,NA,NA,99.9,99.5,99.4,99.1,99.1,99,99.1,99,98.9,97.5,95,92.9,90.8,86.8,42,78.8,50.6,50.6,50.6,38.3,38.2,38.3,38.4,38.5,38.6,38.6,38.6,38.6,38.6,38.6,38.5,38.5,38.5,38.5,38.5,38.5,38.6,38.6,38.6,38.7,38.8,39,39.2,39.3,39.3,37.1,37.4,37.5
ireland,99.9,99.8,99.7,99.4,98.9,97.8,95.9,91.9,89.1,82.2,76.9,74.2,65.7,63,58.4,45.2,38.8,34.7,32.6,30.1,25.1,23.1,21.8,16.5,16.5,15,15.9,15.5,15.5,47.6,46.9,47.1,48.2,49.8,50.7,52.2,55.5,58.1,59.8,60.1,60,60,60.2,62.3,63,63.1,61.4,56.1,53.8,52.8,52.5,53.8,54.8,56,57.2,58,58.8,59.4
israel,99.8,99.7,99.6,99.4,99.1,97.8,95.6,89.7,86.6,79.1,82.6,82.2,80.4,77.2,74.8,72.1,51.9,40.6,36.9,32.5,31.1,29.2,29.8,25,22.6,20.4,18.4,18.4,13.2,51.2,51.2,53.1,55.5,56.4,56,54.8,53.9,53.9,54.4,54,52.7,52.6,53.3,54.7,55.5,56.8,57.9,56.8,57.7,58.4,59.2,59.8,60.4,60.8,61.1,61.4,61.5,61.3
italy,100,99.9,99.9,99.8,99.5,99,97.7,95.4,85.6,76.9,72.8,72,71,66.8,65,62,59.2,55.5,51.2,46.3,45.6,44.2,41.5,44.4,41.9,38.7,36.9,25.6,25.6,45.5,44.2,43.4,42.5,41.8,41.8,41.7,41.8,42.2,42.5,43.3,43.9,44.4,45.6,45.2,45.6,45.7,45.6,44.5,44,44,43.7,42.7,42.6,43,43.5,44,44.4,44.8
jamaica,100,100,100,100,99.9,99.4,99.2,98,97.6,96.9,96.1,93.9,92.2,90,87.2,83.6,78.9,76.4,75.7,72.3,62.6,66.2,62.9,59.6,57.8,55.6,44.9,44.9,44.9,60.2,60.2,59.8,60.4,59.2,58.7,57.8,57.5,56.9,56.5,56.5,56.5,57.6,57.6,57.4,57.8,57.9,57.2,56.3,55.4,55,54.1,54.2,55.1,55.6,57,58.8,59.9,61.5
japan,100,99.9,99.6,99.2,98.4,95.6,90.8,86.6,78.6,70,61.5,53.4,51.6,37.6,33.1,31.3,25.7,24.6,22,21.8,20.9,20.5,11.8,10.9,8.94,6.82,15.4,15.4,15.4,62.6,62.8,62.4,62,61.6,61.5,61.7,61,60.1,59.6,59.1,58.2,57.9,57.9,57.9,58,58.3,58.2,57.3,57,56.9,56.7,57.2,57.7,58,58.6,59.2,60.4,60.9
jordan,100,100,100,100,100,100,99.4,98.7,97.5,97.4,95.3,94,91.5,88.3,87.1,86.1,80,77,74,72.8,65.1,63,58.6,53.8,39.9,37.7,33.2,33.2,33.2,33,32.9,33.3,34.8,36.2,36.6,36.5,36.5,36.3,36.3,35.8,35.2,35,34.9,34.8,35,36.5,36.4,37,36.6,35.8,35.4,34.3,34.6,34.1,33.3,33.2,33,32.8
kazakhstan,100,100,100,100,100,100,99.9,99.9,99.5,99.3,99,98.3,98,97.3,97,96.7,96,89,81.8,68.4,49.4,38.1,36.7,34,29.2,25.4,23.6,21.1,18.1,70.7,70.6,70.8,66.7,64.5,62.9,62.7,62.6,62.2,62.3,63.3,63.7,63.7,63.4,63.9,64.3,64.9,65.7,65.5,66.3,66.6,66.8,66.9,67.3,67.4,66.7,65.8,65.8,65.5
kenya,100,100,100,100,100,100,100,100,99.9,99.7,99.4,98.8,97.1,97,96.9,96.4,95.6,94.8,93.9,92.8,91.2,89.5,87,83.5,83.4,83.4,82.2,82.2,77.4,71.3,71.1,70.8,70.6,70.4,70.3,70.2,70,69.9,69,67.9,66.8,65.6,64.4,63.3,64.5,65.7,66.8,67.7,68.6,69.5,70.3,71,71.7,72.3,73,72.8,72.5,72.3
kuwait,100,100,99.9,99.8,99.8,99.1,97.8,97,95.2,93.3,91.5,89.8,77.6,77.1,74.1,71.2,65.2,58,49.2,38.6,34.2,29.6,24.5,21.3,28,21.6,0,0.4,0.46,63.5,63.8,64.6,65.8,66.8,66.6,66.4,66.4,66.8,66.9,66.6,66.3,65.8,65.6,66,65.8,65.6,65.9,67.1,68,68.4,68.8,69.4,69.8,71,71.2,71.7,71.8,71.8
kyrgyz republic,100,100,100,100,100,NA,NA,99.9,99.8,99,97,97,96.1,94.9,89.5,87.7,86,84.3,84,83.7,82.5,80.2,77,71.7,69.8,63,62,62,62,58.4,60.2,60.9,62.9,63.1,61.4,60.4,59.4,59.6,59.7,59.1,56.3,57.6,58.3,59.6,60.3,59.9,59.2,58.5,58.5,59,58.5,57.3,57.4,57.7,57.1,56.1,55,54.9
lao,100,100,100,100,100,NA,NA,100,100,99.9,99.8,99.7,99.7,99.6,99.2,98.8,98.4,96.5,94,93,91,89.3,87.5,85.7,81.8,78.1,74.5,74.5,74.5,79.3,79.2,79.1,79,78.9,78.8,78.8,78.7,78.6,78.5,78.4,78.2,78.1,77.9,77.7,77.7,77.7,77.6,77.5,77.5,77.5,77.6,77.7,77.7,77.8,77.7,77.7,77.7,77.7
latvia,100,100,100,100,100,99.2,98,96.7,95.6,93.7,92.8,78.1,73,61.4,54,46.4,40.8,36.6,33.2,31.6,30.3,26.9,24.8,24.2,20.8,20.2,19.9,16.4,13.9,58.6,56.9,50.9,49.3,48.9,47.5,51,50.3,49.6,48.1,48.5,49.8,50.1,50.5,51.5,54.9,56.6,56.7,49.6,47.5,49.1,50.8,52.3,52.8,54.1,54.8,55.9,57.2,57.5
lebanon,100,100,100,100,99.9,99.9,98.8,97.3,94.6,92,93.2,93,92,91,89.9,85,81.3,77.5,69.9,56.3,48,38.8,29.5,27,26,23.9,21.8,21.8,21.8,40.3,40.2,40.5,40.9,41.3,41.2,41.4,41.6,42,42.4,42.8,43.2,43.5,43.7,43.6,43.5,43.4,43.7,43.9,43.6,43.7,43.8,43.8,43.8,43.8,43.9,44,44.2,44.6
lesotho,100,100,100,100,100,100,100,100,100,99.8,99.7,98.9,98.5,97.8,97.4,97,96.5,96.4,96.3,96.1,93,90,85,78,75,72.6,71,71,71,47.2,47.1,46.9,46.8,46.7,46.6,46.4,47,47.4,47.6,47.9,48,48.2,48.5,48.8,49.2,49.6,49.9,49.8,49.9,50.3,50.6,51,51.1,51.2,51.3,51.5,51.6,51.7
liberia,100,100,100,100,100,NA,100,100,100,100,100,100,100,100,100,100,99.5,99.5,98,97.7,97.5,97.4,96.8,94.6,67,92.7,92,92,92,74,74.1,74.1,74.1,74,73.9,73.3,73.1,73,72.7,72.8,72.8,73.2,73.3,73.4,73.6,73.7,73.9,73.8,73.8,73.8,73.8,73.7,73.6,73.5,74.4,74.3,74.1,73.9
libya,100,100,100,100,100,NA,NA,NA,99.9,99.8,99.6,97.8,97.2,96.5,96.1,95.7,95.3,91,89.2,86,86,86,83.5,82.2,81,79.7,78.2,78.2,78.2,34.9,34.9,34.9,35.1,35.3,35.3,35.5,35.7,35.9,36.1,36.4,36.7,37,37.4,37.9,38.3,38.7,39,39.1,39.3,39.6,39.8,39.9,40.1,40.2,40.3,40.5,40.5,40.6
lithuania,100,100,100,100,100,99.7,99,98,97.1,93.6,92.8,82.3,74.1,68.8,63.8,56.1,50.1,44.8,40.2,37.9,36.4,32.8,31.6,27.9,28.6,25.6,22.4,20.3,18.4,61.3,61.2,53.7,53.9,51.3,51.7,52.6,52.5,52.9,50.5,48.8,50.6,52.4,51,51.5,52,53.2,52.6,48.9,46.8,49,50.4,51.4,52.8,53.9,55.8,56.6,58,58.1
luxembourg,100,99.8,99.7,99.5,98.4,94.5,92.9,88.3,82.6,77.1,63.8,60.2,45.5,34.1,30,27.5,21.1,17.8,12.7,9.38,9.97,8.05,6.22,5.33,3.62,1.86,2.64,2.94,2.94,51.1,51.6,50.9,50.3,48.8,49.1,49.7,49.8,50.8,52.1,51.9,52.5,51.2,51.3,52.3,52.7,52.8,52.2,54.3,54.5,54.1,55,54.9,55.6,55.4,54.5,55.4,55.9,56.6
madagascar,100,100,100,100,100,100,100,99.9,99.8,99.8,99.8,99.7,99.6,99.5,99.4,99.4,99.3,98.3,98.4,98.3,98.1,97.7,97,96.3,95.8,95.3,90.2,90.2,90.2,81.8,81.7,81.5,81.5,81.5,81.5,81.5,81.6,81.6,81.6,82,82.2,82.4,83.5,84.4,84.8,85.1,85.3,85.3,85.2,86.9,87.8,87,86.1,85,84.8,84.7,84.6,84.5
malawi,100,100,100,100,100,NA,100,100,99.9,99.9,99.8,99.8,99.7,99.7,99.6,99.6,99,99.3,98.9,97.7,96.7,95.7,95,94.2,94.7,88.5,86.2,86.2,86.2,73.4,73.4,73.2,73.2,73.2,73.1,73.2,73.2,73.2,73.2,73.1,73,72.9,72.8,72.8,72.9,73,73.1,73,73,73,73,73,72.9,72.8,72.6,72.5,72.3,72.1
malaysia,100,100,100,99.9,99.8,99.2,97.7,93.3,87.7,78.6,73.3,67.7,65,57.8,51.4,48.4,44.3,44.2,44.1,43.7,39,34.2,42.9,36.3,28.9,21.2,19.9,18.8,15.8,60,59.9,59.5,59.7,59.8,60.1,60,59.9,59.7,59.9,59.5,59.3,59.1,59,59,58.9,58.8,58.2,58.2,58.4,59.7,60.7,62.1,62.4,62.5,62.1,62.2,62.6,62.6
maldives,100,100,100,100,100,99.8,99.7,99.4,98.9,97.8,96.4,94.7,94,93.4,93.1,89,83.7,76.8,75.2,73.5,66,61.1,55.9,50.7,45.5,40.9,36.8,36.8,36.8,49.3,49.6,49.9,50.1,50.4,51,51.5,52,52.5,53.2,52.6,52.2,51.8,51.5,51.3,50.8,50.5,50.2,49.7,52.4,55.5,58.5,61.6,64.7,64.3,63.5,64.4,65.3,66
mali,100,100,100,100,100,100,100,100,99.9,99.9,99.8,99.8,99.7,99.6,99.5,99.3,99.2,98.4,98.2,98,97.8,97.2,96.5,93,89.7,88.9,87,87,87,67.3,67.3,67.2,67.2,67.2,67.2,67.3,66.8,66.4,66,65.5,65,64.5,64,63.4,62.9,62.4,63.5,64.3,65.2,66.2,66.5,66.8,66.7,65.6,65,64.4,64.4,64.3
malta,100,100,100,100,99.8,99,96.1,93.5,92.2,86.9,82.1,71.1,68.4,65.4,58.8,59.6,53.1,49.9,41.1,37,32,31.8,31.1,26.8,24,21.9,19,18.6,14.2,47.1,47,47,46.8,46.6,46.7,46.7,46.7,46.8,46.7,46.8,46.5,45.9,44.6,44.9,45.2,46,46.3,46,46.6,47.6,48.8,50.2,51.3,51.6,52.6,53.5,54.9,55.9
mauritania,100,100,100,100,100,NA,100,100,99.9,99.8,99.7,99.6,99.6,99.5,99.3,99,98.6,98.1,97.7,96,95.5,95,93.8,89.3,84.8,82,79.2,79.2,79.2,46.1,46,45.8,45.8,45.6,45.5,45.5,45.5,45.4,45.4,45,44.5,44,43.6,43.3,42.9,42.6,42.3,41.9,41.5,41.2,40.9,40.8,40.8,40.7,40.6,40.6,40.7,40.8
mauritius,100,100,100,100,100,99.8,99.5,97.4,95.3,92.7,91.2,89.8,87.8,86.3,84.8,83.3,79.8,78.2,77.5,71.7,65,64.6,59.9,55.2,49.9,47.8,44.6,41.4,36,54.4,54.3,54.2,54.2,54.2,54,53.8,53.7,53.6,53.5,53.5,54,53.8,53.5,53.3,53.3,52.9,53.6,53.5,53.9,53.2,53.4,54.4,54.6,54.9,54.7,54.9,54.5,54.2
mexico,100,100,100,100,99.9,99.8,99.4,98.7,98.1,94.9,93,88.1,87.1,85.9,82.8,80.5,79.2,78.3,73.7,69,62.8,60.3,56.5,55.6,42.6,40.5,36.1,34.2,29.9,56.9,57.4,58,57.2,55.4,56.4,58.5,58.6,58.5,58.3,57.7,57.1,57.1,57.4,58.4,59.1,59.1,58.7,57.7,57.5,57.6,58.4,58.2,57.7,58.1,58.3,58.4,58.7,59.3
moldova,100,100,100,100,100,100,100,99.7,99.4,98.7,98.5,96.2,92.6,89.4,85.4,80.4,79.5,76.6,72.5,67.7,62,56.6,40,33,31,29,23.9,23.9,23.9,47.8,47.9,48.8,49.2,50.1,49.3,48.8,48.5,48.3,49.3,49,48.1,46.7,45.8,44.9,43.5,43.2,42.4,39.9,38.6,39.5,38.5,39.4,39.7,42.5,41,40.6,37,39.4
mongolia,100,100,100,100,100,100,99.9,99.8,99.5,98.7,98.3,98,98,98,98,98,91,90.2,90,89.8,87.5,83.6,82.3,80.1,77.5,77.7,76.3,76.3,48.9,54.2,55,55.4,55.7,55.7,55.9,56.1,56.2,56.3,56.5,56.5,56.3,55.6,55.2,55,54.9,54.7,55.7,55.7,55.1,57.2,57.1,57.3,57.4,57.4,55,56.1,57.3,59.6
montenegro,NA,NA,NA,NA,NA,NA,NA,NA,NA,NA,NA,NA,NA,74.7,72.9,71.1,69.2,67.1,64.9,62.5,64.4,43.2,39.7,39,31.9,30.1,28.7,28.5,26.5,35.6,35.6,35.4,35.2,35,34.8,34.7,34.4,34.4,34.2,34.1,33.9,33.8,33.7,33.8,36.6,39.1,40.3,39.3,38.9,38.9,39.8,40,42.6,43.6,43.9,44.8,46.2,47.1
morocco,100,100,100,100,100,100,100,99.9,99.8,99.3,98.6,97.6,96.7,88.4,84.9,80.2,78.5,66.9,58.7,48,53.9,44.6,44,43.2,42.9,41.7,38.2,35.2,25.6,43.1,43.3,43.3,43,43.3,43.1,43.3,43.1,43.2,43.5,44,44.2,44.5,45.2,45,45.4,45.3,45,45.3,45.3,45.4,44.8,44.3,43.4,42.7,42,41.3,41.3,41.3
mozambique,100,100,100,100,100,100,100,100,99.9,99.9,99.8,99.7,99.6,99.3,99.2,99.2,99.1,98.4,97.3,95.8,95.7,94,92.7,90.8,83.1,82.5,90,90,90,82.4,82.2,81.9,81.8,81.7,81.7,81.6,82.2,82.6,82.9,83,83.1,83.1,82.7,82.4,82,81.6,81.1,80.4,79.7,79.1,78.4,77.7,76.9,76.1,76,75.9,75.7,75.6
myanmar,100,100,100,100,100,NA,NA,NA,100,100,100,100,100,100,99.9,99.8,99.8,99.8,99.8,99.8,99,96,92,88.5,78.3,74.9,69.3,69.3,69.3,74.3,74,73.8,73.6,73.4,73.2,73,72.8,72.4,72,71.5,71,70.5,69.9,69.4,68.9,68.4,67.9,67.4,66.9,66.6,66.2,65.8,65.4,65,63.1,61.2,61.9,60.1
namibia,100,100,100,100,100,100,99.9,99.7,99.7,98.4,97.6,97.4,96.6,96.2,96,95.6,95.2,94.7,93.5,88.4,88,87.1,86.1,85.2,74.3,69,49,49,49,45,45,45,45,43.5,42,40.6,41.6,42.7,43.8,43.8,43.6,43.5,43.5,43.7,44.1,44.4,44.7,44.6,44.8,46.7,48.5,49.5,49.7,48,46.2,46.8,47.3,47.6
nepal,100,100,100,100,100,100,100,99.9,99.8,99.8,99.8,99.7,99.6,99.5,99.2,98.9,98.6,98.3,98,92.1,91,88.8,86.7,84.6,82.4,80.3,66,66,66,84.5,84.5,84.5,84.6,84.6,84.6,84.5,84.5,84.5,84.3,84.1,83.9,83.6,83.4,83.2,83,82.8,82.5,82.1,81.7,81.2,80.8,80.3,79.9,79.5,79.6,79.8,79.9,80.1
netherlands,99.5,98.7,98,96.7,93.5,90.3,85.9,77.8,60.8,56,50.6,38.7,35.6,31.5,19,16.3,14.2,12.6,10.4,9.28,8.58,7.14,6.04,8.33,8.28,9.59,6.8,5.29,6.71,52.8,54.1,53.9,54,54.3,55.2,56.9,58.3,59.5,61.1,62.1,62.5,61.8,61.3,59.2,60,61.5,62.6,62.2,61.2,60.9,60.8,59.8,59.3,59.7,59.9,60.5,61.4,62.1
new zealand,100,99.7,99.4,96.8,95.1,92,85.4,68.4,58.5,52.6,46.8,40.9,39,38.1,37.3,31,30.2,28,20.3,19.5,18.8,18.4,17.2,14.5,11.8,11.5,9.19,9.19,9.19,56.7,56.3,56.7,58.4,60.1,61,60.4,59.5,60,60.7,61.8,62.6,62.7,63.7,64.6,65.1,65.5,65,63.4,62.8,63.1,62.7,63.7,64.7,64.7,65.8,66.8,67,66.8
nicaragua,100,100,100,100,100,99.9,99.8,99.7,99.5,99,98.5,98.3,98.1,97.7,97.4,97.2,96.1,94.7,92.7,90,89.4,86.5,84.5,82.4,80.3,75.4,72.1,72.1,72.1,55.8,55.4,55,54.7,54.4,54.9,55.4,55.9,56.3,57.1,57.2,57.3,57.5,58.4,59.2,59.4,60,59.6,58.8,59.4,60.7,61.9,62.2,63.1,63.2,63.9,64.4,63.2,63.2
niger,100,100,100,100,100,100,100,100,100,100,99.9,99.9,99.8,99.8,99.8,99.7,99.6,99.3,99.2,99.2,99.1,99,98.8,98.8,97.5,95.7,89.8,94.8,94.8,78,78,77.9,77.9,77.8,77.9,77.9,77.9,77.9,78,78.1,77.9,77.6,77.4,77.1,77.8,78.3,78.7,78.9,79.1,79.3,75.8,74.3,72.2,72.1,72,72,71.9,71.8
nigeria,100,100,100,100,100,100,100,100,100,99.9,99.9,99.7,99.4,98.7,96.5,94.5,93.2,92,90.7,88.5,86.2,83.9,80.9,79,64,74.3,58,58,58,58.9,58.6,58.5,58.4,58.3,58.1,58,57.9,57.9,57.8,57.8,57.6,57.5,57.5,57.5,57.6,57.7,57.8,57.7,57.6,57.7,55.4,53.1,52.1,51.6,49.4,49.6,50.4,51.1
north korea,100,100,100,100,100,NA,100,100,100,100,100,100,100,100,100,100,100,100,100,100,100,100,100,100,100,100,100,NA,100,79.3,79.7,79.9,80.1,80.3,80.4,80.4,80.3,80.1,79.9,79.8,79.6,79.4,79.3,79.2,79.2,79.1,79,78.8,78.7,78.6,78.5,78.5,78.4,78.5,78.4,78.5,78.6,78.6
north macedonia,100,100,100,100,100,99.9,99.5,99,98.5,97.5,96.5,82.7,80.9,75.6,73.5,71.4,63.7,54,48.2,48.1,43.3,42.5,34.8,31.9,29.6,27.8,25.5,20.8,20.8,35.3,35.3,35.3,35.2,35,34.9,34.6,35.1,35.9,36,37,36.4,34.1,33.9,33.8,34.5,35.4,36.5,37.6,37.8,38.1,38,39.6,40.2,41,41.9,42.8,43.8,45.9
norway,98.6,97.8,97.2,95.8,93.6,81.8,79.6,77.4,60,48,36,27.2,21.9,22.3,18,17.4,13.1,9.43,7.92,6.61,6.51,5.35,4.95,3.7,3.19,2.7,3.64,3.51,2,58.5,58.1,57.9,58.7,59.1,61.1,62.8,64.4,64.5,64.6,64.4,64.4,63,62.9,62.6,63.5,64.7,65.7,64.4,63.4,63.1,63.3,62.8,62.5,62.1,61.4,61,61.5,61.7
oman,100,100,100,100,100,100,99.6,99.1,97.5,96.5,94.1,93.1,92.7,93.2,93.3,91.7,83.3,80,73.2,64.2,52,40,33.5,29.8,26.5,23.1,19.8,19.8,7.59,55.5,56.5,57.5,58.3,58.6,57.3,55.9,54.7,53.9,53.2,52.9,53.1,53.4,53.5,53.7,54,54.8,56.1,57.9,59.7,61.3,63,64.8,66.5,68.1,68.7,68.8,67.8,68.2
pakistan,100,100,100,100,100,100,100,100,99.9,99.9,98.7,97.4,95,93.8,93.7,93.5,93.2,93,92.5,92,91,90,89.1,88,86,87.6,84.5,84.5,82.9,50.3,50.2,49.7,50,48.9,49.5,50.1,50.1,50.3,50.8,50.6,50.5,50.9,51.4,51,50.6,50.6,50.5,50.9,51.2,51.1,51,50.7,51.1,51.1,50.8,50.6,50.3,50.4
palestine,100,100,100,100,100,NA,NA,NA,NA,98.9,98.2,96.9,95.9,95.6,84,81.6,78.8,75.6,67.8,62.6,58.9,56.6,53.4,46.3,42.6,38.8,34.8,35.6,29.4,36.7,36.6,36.6,36.7,36.6,36.8,36.5,36.2,36,36.5,29.1,26.3,30.1,29.6,31.1,31.4,32.6,30.2,31.1,31,33.6,33.3,33.1,33.1,33.6,33.2,32.7,32.1,33.1
panama,100,100,100,100,99.9,99.8,99.5,97.3,96.2,93.5,92.7,91.5,90,88.9,88.5,82.7,77.7,66.2,60.9,59.9,57.3,59.7,56,55.1,48.8,46,42.1,42.1,36.4,56.8,57.7,58.6,58.9,60,60,60,60.2,60.2,60.5,60.9,61.1,61.4,61.9,62.1,61.4,62,63.5,62.3,61.2,60.9,62.6,63.6,62.9,62.9,63.2,62.4,64,64.1
papua new guinea,100,100,100,100,100,100,99.9,99.8,99.3,99.2,99.1,98.7,98.6,98.5,98.3,98.3,98.2,98.8,98.4,98.7,98,96.5,94.9,93.5,92.1,90.4,88.8,88.8,88.8,70.5,69.7,68.5,68.2,68.7,68.3,68.9,69.4,69.5,69.9,68,66,64,61.8,59.6,57.3,54.9,52.5,49.9,47.3,47.1,47,46.9,46.4,46,45.9,45.9,46,45.9
paraguay,100,100,100,100,100,100,99.9,99.8,99.6,99.3,98.9,98.2,97.9,96.5,92.1,92,88.8,85.7,81.1,80.2,75.2,70.7,63.1,57,50.3,46.6,38.9,35,31.5,62.8,62.7,62.8,62.9,63,63,63.1,63.1,63.1,63.1,63.2,63.1,63.9,67.3,67.5,65,66.5,66.7,67.2,65.9,66.1,69.4,68.2,66.1,66.5,66.7,67.3,68,67.9
peru,100,100,100,100,100,99.8,99.6,98.8,98,96.9,92.4,91,88.4,85.9,82.9,79.3,74.8,69.4,68.6,65.2,64,61.8,60.8,59.8,59.1,54.5,51.3,47.5,40,55,56.2,57.2,58.3,60.1,61.7,63.4,64.1,65.1,63.5,66.5,68.3,69.7,71.3,69.1,72.4,74.8,75,75.5,76.5,76,76.1,75.3,74.8,73.6,72.9,74.5,75.1,75.5
philippines,100,100,100,100,100,99.9,99.9,98.9,98.6,98,97.5,95.7,95.1,94.8,94.6,94.3,94,93.8,91,75,71,63.8,51.9,50.4,64,44.5,40,40,57,60.3,60.5,60.5,60.4,60.4,60.2,60.1,60.3,60.3,60.2,60.1,59.9,59.5,59.5,59.5,59.5,59.8,59.6,59.9,60,60.6,60.2,60,60.5,60.3,60.6,58.1,58.2,58.7
poland,100,100,99.9,99.6,99.3,98.7,97.9,95.9,94.5,92.7,90.1,78.8,75.1,67.5,61.2,55.4,51.4,46.9,41,37.7,38,37.7,37.1,33.4,32,26.7,24,22.5,15.5,53.1,52.9,51.9,50.8,50.5,50.5,50.6,50.8,48.8,47.1,46.2,44.5,44.3,44.1,45.3,46.7,48.8,50.7,50.7,50.5,50.7,50.7,50.6,51.7,52.4,53.3,54.3,54.8,55
portugal,99.9,99.8,99.5,99.3,98.5,97,95,90.1,85.3,83.6,81.9,80.6,70.3,68.2,65,62,57.9,55.9,51.7,46.7,44.8,39.7,37.9,35.4,31.4,29.6,26.2,25.3,24.6,58.9,56.8,55.8,55,54.3,54.5,55.5,57.7,57.9,58.5,59.1,59.2,58.2,57.7,57.3,57.4,57.3,57.4,55.5,54.5,52.7,50.7,49.6,50.6,51.3,52,53.8,55,55.4
qatar,100,100,100,100,99.8,99.1,96.9,96.5,95.9,95.1,93.8,89.8,80.8,79.3,75.3,71,63,55.7,46.9,31,31,30.7,14.7,8.51,7.12,4.88,2.61,0.35,0.35,80.3,79.8,79.9,80,80,79.4,78.1,77.3,77,76.6,76.5,76.6,77.3,78,79.6,80.1,82,83.8,85.5,87,86.3,86.1,86.4,87,87.8,87.2,86.7,86.6,86.7
romania,100,100,100,100,99.9,99.8,99.5,97.8,97.3,96.4,95.5,93.4,91.1,85,78.5,75.3,71.7,67.6,63.4,60.1,60,54.1,50.2,45.9,44.2,40.5,36.3,29.3,26.3,63.6,64,63.6,63.2,62.9,61.5,62.4,61.5,61,59.9,58.8,52.7,51.7,50.8,49.6,50.5,50.7,50.8,50,51.1,50.2,50.9,50.6,51,50.7,50.5,52.3,52.8,53
russia,100,100,100,100,99.8,99.7,99.5,99.2,99,98,97.1,95.9,91.7,87.1,84.8,82,75.3,73.2,71,57,51,36.2,32,29.5,29.9,26.9,24,19.1,17.4,62.8,62.5,60.3,57,55.6,54.5,52,50.3,53.2,54.7,54.5,55.7,55.2,55.8,56.6,56.9,58.3,58.6,57.3,57.8,58.6,59.3,59.2,59.4,59.1,59.3,59.1,59.2,58.7
rwanda,100,100,100,100,100,100,100,100,99.9,99.9,99.8,99.7,99.6,99.6,99.4,99.4,97.9,95.5,92.3,92,93,92,91,89.4,82,80,78.2,78.2,78.2,90.5,89.8,88.7,87.8,86.5,86.4,86.1,85.8,85.4,85,84.8,84.6,84.4,84.2,84.1,84,84,83.9,83.7,83.6,83.5,83.3,83.2,83,83,82.9,82.9,82.8,82.7
samoa,100,100,100,100,100,NA,99.8,99.8,99.7,99.4,98.3,97.8,97.2,96.9,96.7,95.5,95.3,95,94,93,89,87.1,84.7,78.8,74.6,70.6,66.4,66.4,66.4,44.4,44.6,44.5,44.7,44.2,44,44.2,44.1,44,43.6,43.2,43,42.8,42.5,42.3,42.1,41.8,41.6,41.7,41.5,41.4,40.4,40.6,40.7,40.6,40.3,40.3,40.4,40.1
sao tome and principe,100,100,100,100,100,NA,NA,99.7,99.6,95.4,93.7,92.4,89.8,86.7,86.2,85.8,85.4,84.5,83.6,81.3,79.8,78.4,77,75.6,74.2,72,70.1,70.1,70.1,48.6,48.3,47.9,47.6,47.3,47.2,47.1,47,47.1,47.2,46.6,45.7,46.5,46.9,46.9,47.3,48.2,49,49.5,50.1,50.6,51,51,51,50.9,50.8,50.6,50.5,50.2
saudi arabia,100,100,100,100,100,100,100,99.9,99.5,97.8,95.3,93.6,92,89.8,87.3,80.5,70,64,62,59,52.5,46,39.5,35.3,30.4,25.1,17.9,6.69,4.28,49.3,49.4,49.3,48.9,48.5,47.6,47,46.6,46.6,47.6,47.2,46.8,47,47.2,47.4,47.4,47.6,47.9,47.6,48.4,49.4,50.8,51.6,52,52.9,53.1,52.6,52.1,52.5
senegal,100,100,100,100,100,100,100,99.9,99.7,99.6,99,99,97.9,95.6,95.2,94.4,93.1,92.9,92.5,92,90.2,89.2,86.9,82.3,73,74.3,54,54,54,50.6,50.4,50.3,50.1,49.8,49.6,49.4,49.1,48.8,48.6,48.4,48.3,47.6,47,46.3,45.7,45.3,44.8,44.1,43.5,43,42.9,42.8,42.7,42.6,42.6,42.6,42.7,42.7
serbia,NA,NA,NA,NA,NA,NA,NA,NA,NA,NA,NA,NA,NA,76.5,73.7,72.8,66.8,64.4,61.9,59.1,57.8,51.9,46.5,37.9,34.7,32.9,29.7,26.6,22.6,52,52.3,52,51.7,51.1,50.7,49.8,49.6,50.1,50.2,49.6,48.5,47.4,45,43.4,43.1,44.6,46.3,43.6,41.1,39.1,38.9,40.5,42.3,42.9,45.6,47.1,48.1,49.5
sierra leone,100,100,100,100,100,100,100,100,100,99.9,99.8,99.8,99.8,99.8,99.8,99.8,99.8,99.8,99.7,99.4,99.1,97.5,96,93.9,93.7,88.2,91,91,91,61.9,62.3,62.2,62.1,62.2,62.1,62.1,62,62,61.9,62,61.7,61.6,63.1,62.3,61.5,60.7,59.9,59,58.2,57.4,56.6,55.8,55,55.5,55.4,55.4,55.4,55.4
singapore,99.8,99.5,99.2,98.8,97.1,91.7,86.5,80.4,75.8,64,58.3,53,46.2,38,39,41,30.1,31,31,29,29,28,19.1,21,21,15.6,15.6,11.8,11.1,61.8,61.6,62,62.5,62.8,63,64.1,63.4,62.7,63.6,63.6,61.6,61.4,61.4,62,63.4,64.5,65.5,64.3,66,66.4,67.2,67.2,68,68.7,68.2,68,68.1,68.3
slovak republic,100,100,99.9,99.7,99.5,99.2,98.8,97.3,94.6,90.6,87.5,59.9,57,47.1,44.8,43.9,38.2,34,30,24.3,25.6,23.3,22.1,20,22.4,19.5,18.4,19.3,17.1,58,56.4,54.6,51.8,52.1,53.4,52.5,52,49.9,48.4,48.7,48.6,49.9,49,49.9,51.2,52.2,53.6,51.7,50.3,50.7,50.9,50.8,51.5,52.8,54.3,55.1,55.9,56.2
slovenia,100,100,99.6,98.9,97.1,94.9,92.4,89.9,87.4,84.9,69.8,72.2,68.2,59.2,53.2,46,43.3,42,36,30,32.7,31.6,27.3,28.4,26.9,24.5,21.1,20.3,16.9,54.6,53.9,53.2,53.2,53.6,53.6,54.5,54.9,53.8,53.4,54.3,54.6,52.8,55.4,55.4,55.8,56.9,56.9,56,55,53.3,52.6,51.7,52.1,52.3,52.2,54.7,55.9,55.4
solomon islands,100,100,100,100,100,99.7,99.6,99.5,99.5,99.5,99.5,99.5,99.4,99.3,99.2,98.3,98,97,96,95,94,93,92,91,90,89,88.1,88.1,88.1,81.5,81,80.9,80.7,80.5,80.7,81,81.1,81.3,82.2,82.7,83,82.9,82.9,82.9,82.9,82.8,82.7,82.8,83,83,83.2,83.4,83.4,83.4,83.4,83.3,83.3,83.3
somalia,100,100,100,100,100,100,100,100,100,100,99.9,99.9,99.6,99,98.9,98.9,98.9,98.9,98.8,98.8,98.8,98.6,98.5,98.4,98.2,98.1,98,98,98,44,43.9,43.8,43.9,43.8,43.6,43.5,43.3,43.1,42.9,42.7,42.5,42.4,42.3,42.2,42.1,42,41.8,41.5,41.3,41.2,41.1,41,41,41.1,41.2,41.3,41.5,41.6
south africa,100,100,99.9,99.8,99.3,99.2,98.4,97.1,95.9,94.7,93.7,93.3,93,91.6,92.5,92.4,91.9,91.6,90,76,66,59,53.5,51,48.1,46,43.8,43.8,43.8,39.9,39.8,39.6,39.4,39.3,39.2,39.1,39,38.9,38.8,38.3,36.8,37.3,38.9,39.1,39.6,40.6,43.1,41.3,39.5,39.6,39.9,40.5,40.6,41.5,40.8,41,40.9,40.1
south korea,100,99.9,99.8,99.7,99.2,98.4,96.4,93.2,76.5,55.3,43.4,40.6,34.5,27.3,26.5,21.9,21.2,19,18.4,16.3,16.2,15.9,15.2,12.4,10.1,7.16,4.93,4.1,3.84,58.9,59,58.7,59.7,60.4,60.8,60.9,56.5,56.8,58.5,58.9,59.8,59.2,59.9,59.8,59.9,60,59.5,58.5,58.5,58.9,59.3,59.5,60.2,60.5,60.5,60.8,60.6,60.9
south sudan,NA,NA,NA,NA,NA,NA,NA,NA,NA,NA,NA,NA,NA,NA,NA,NA,NA,NA,NA,NA,NA,NA,96.2,95.5,94.5,93.3,92,92,92,65,64.9,64.7,64.7,64.8,64.8,64.9,64.9,64.9,64.9,64.9,64.8,64.7,64.6,64.5,64.6,64.7,64.6,64.3,64.1,64,63.9,63.8,63.7,63.6,63.6,63.6,63.6,63.6
spain,100,99.9,99.9,99.7,99.6,98.7,97.2,95.6,92.9,86.4,81.8,79.6,60.1,56,52.1,49.6,44.9,40.4,37.6,34.2,32.9,30.2,28.4,23.8,21.3,19.4,15.4,13.9,9.28,42.1,41,38.8,38.1,38.7,39.2,40.3,41.6,43.7,45.5,46.8,47.7,48.7,49.6,51.7,52.8,53.3,52.2,48.5,47.5,46.6,44.6,43.6,44.3,45.6,46.9,48,49,49.6
sri lanka,100,100,100,100,100,100,99.8,99.7,99.7,99.3,99.2,99,98.5,98.5,98.2,97.5,96.1,94.2,91.2,88,85,81.7,78.1,74.2,87.9,83.6,65.9,65.9,65.9,51.2,49.3,49.6,50.2,48.8,49.5,50,54,52.8,52.5,52.3,51.7,52,51.8,52,52.6,52.8,53.1,52.5,52,52,51.4,52.5,51.7,52.3,52.7,52.8,50.6,50.3
st. lucia,100,100,100,100,99.7,99.3,99,98.7,98.1,94.9,91.8,85.4,79,78.6,78.4,75.5,72.1,70,69,67.5,66,65.2,64,60.3,57.5,53.3,49.2,49.2,49.2,52.3,52.5,52.5,52.5,53.4,53.2,50.6,49.9,52.2,53.3,52.2,51.5,50.8,52.2,54.2,56.6,58.4,59.6,58.1,57,56.2,56.4,54.6,55.6,56.5,57.4,58.4,59.1,61.2
st. vincent and the grenadines,100,100,100,100,99.9,99.5,99.1,98.2,97.2,96.8,94.9,94.5,93.5,92.6,90.8,88,84,79,69,66.3,63.3,60,56.5,52.6,82.9,79.3,78,77.6,77.6,50.2,50.4,50.5,50.6,50.9,51.1,51.3,51.5,51.6,51.8,52,52.4,52.9,53.4,53.9,54.3,54.6,54.8,54.4,54.1,54.2,54.3,54.3,54.3,54.3,54.4,54.5,54.7,54.8
sudan,100,100,100,100,100,100,100,100,100,100,99.9,99.6,99.5,99.2,98.7,98.7,91.3,91.3,91.3,83.3,82.5,79,77.3,75.4,73.4,85.9,69.1,69.1,69.1,42.6,42.8,42.9,43.2,43.5,43.7,43.6,43.5,43.3,43.2,43.1,43,42.9,42.9,42.8,42.8,42.7,42.5,43.2,41.9,40.6,40.4,40.3,40.3,40.3,40.2,40.2,40.3,40.4
suriname,100,100,100,100,99.9,99.8,99,98.3,98.1,97.5,96.9,95.8,95.3,93.9,93.6,90.5,85.9,78.9,68.6,68.4,68,65.3,62.6,59.9,57.2,54.6,51,51,51,40.6,40.8,41.7,43.4,45.6,44.5,44.7,44.8,43.4,44,44.5,45,45.5,46,46.2,46.5,46.8,47,47,47.9,47.9,47.6,48.5,48.3,48.2,48.1,48.1,48.1,48.1
sweden,98.8,98.5,98.3,96.6,94.9,91,76.3,66.5,58.6,54.3,48.2,29.4,20.9,16.1,15.2,12.2,18,10,9,10,7.23,6.82,5.22,7.48,9.39,10.3,4.49,7.86,5.51,64.8,61.7,57.9,57.1,58,57.5,56.6,57.2,58.2,59,59.6,59.4,59.1,58.2,58.2,58.8,59.7,59.8,58,57.7,58.5,58.4,58.7,58.9,59.2,59.6,60,60.3,60
switzerland,98.8,98.3,97.8,97.3,96.5,95.5,84.9,75.2,66,52.9,44.9,38.6,34.9,32.2,29.9,24.3,22.8,20.8,18.7,16.1,14.8,14.8,13.7,12.6,12.5,10.9,10.3,10.3,6.85,67.2,66.3,65.7,64.7,64.8,65.1,64.6,65.5,65.8,65.6,66.1,65.8,65,64.4,64.1,64.7,65.3,66,65.5,63.7,64.5,64.5,64.4,64.7,64.9,65.2,65.1,65.2,65.1
syria,100,100,100,100,100,100,100,99.9,99.9,99.8,99.7,97.9,96.6,95.7,94.3,92.2,88.5,86,82.7,79.3,77.5,75.7,73.8,71.9,70,68.1,65.8,65.8,65.8,49.6,49.1,48.9,48.8,49,48,47.2,46.4,46.4,45.5,44.2,44.2,44,43.2,42.5,41.9,41,39.8,39.5,39.4,39.5,39.6,39.8,40,40.2,40.3,40.5,40.6,40.8
taiwan,100,99.8,99.5,99.2,98.8,97.2,92.4,86.3,78.3,71.9,65.1,52.4,48.1,46.2,42,36.3,35.5,34.2,30.1,28.5,28,24,23.7,22,22,20.3,7.22,7.22,11.2,58.1,58.2,57.7,57.8,57.5,56.7,56.5,56.3,56,55.8,54.5,54.2,54.3,55,55.3,55.7,56,55.9,54.5,55,55.7,56,56.1,56.3,56.5,56.6,56.8,57,57.2
tajikistan,100,100,100,100,100,NA,NA,NA,100,100,100,99.9,99.9,99.9,99.7,96.2,92.8,91.2,89.9,88.5,87,85.5,84,82.5,81,79.5,78,78,78,44,44,42.2,41,40.4,39,38.8,37.7,38.2,38.4,38.6,38.7,38.8,39.4,39.1,38.9,38.6,38.2,38.2,38.4,38.5,38.7,38.8,38.9,38.9,39,38.3,37.7,37
tanzania,100,100,100,100,100,100,100,100,99.9,99.9,99.8,99.8,99.3,99.1,98.9,98.7,98.4,98.1,97.6,97.1,96.8,96,95.6,93,80,87,75,75,75,84.5,84.5,84.4,84.4,84.4,84.5,84.5,84.5,84.5,84.5,84.5,84.8,85,85.2,85.4,85.7,85.6,85.4,85,84.1,83.1,82.7,82.2,82.1,82.1,82,82,81.9,81.8
thailand,100,100,100,100,99.9,99.9,99.6,98.9,97.6,96.3,94.4,92.5,90.7,89.3,85,82.8,80,81.8,79.9,77.6,76.3,73.5,71.1,65.1,60.7,52.5,47.1,43.2,33.4,73,73.7,73.2,73,73.4,73.9,74.2,71.4,70.5,71.4,70.7,71.1,71.2,71.3,71.5,71.2,71.8,71.9,72.2,71.3,72.8,72.3,70.5,69.3,68.6,67.6,66.7,67.1,66.3
timor-leste,100,100,100,100,100,NA,NA,NA,NA,NA,NA,100,100,100,99.9,99.5,99,98.5,98,97,96,93,89,82.5,77,74.8,72.5,72.5,72.5,67.9,68,68,68.1,68,67.7,67.5,67.4,69,68.1,67.4,67.7,67.8,67.7,67.5,67.6,67.1,66.4,65.7,65.1,64.7,64.3,64.1,63.9,63.8,63.6,64,64.3,64.3
togo,100,100,100,100,100,100,99.8,99.7,99.4,99.2,99.1,99,98.8,98.5,98.2,98,97.8,97.6,97.4,97,96.5,96,95.5,94.3,92.9,88.7,87.6,87.6,87.6,56.2,56.2,56.2,55.9,55.6,55.3,55,55,54.9,55,55.1,55.2,55.2,55.5,55.8,56,56.7,57.2,57.5,57.8,58.2,58.2,58.1,58.1,58,57.4,56.9,56.8,56.7
tonga,100,100,100,100,99.9,99.8,99.5,99.2,99,97.6,97.2,97.1,97,96,95.1,94.2,92.8,91.9,90,84,75,70,67.3,64,61.4,60,58.8,58.8,58.8,56.2,57.4,58.5,59.3,58.5,57.7,56.9,56,55.1,54.3,53.8,53.3,52.8,53.5,53.9,54,53.4,52.8,52,51.3,50.7,50.1,49.5,48.7,47.8,47,46.3,45.5,45.5
trinidad and tobago,100,100,100,100,99.8,99.6,98.8,97.3,94.2,92.3,84.6,78,74,73,71,70,67.7,65.2,55.7,51.5,44.8,40.5,36.2,34.9,30.8,26.7,22.7,22.7,22.7,55.7,56.1,56.4,57.5,58.2,59,59.1,59.2,59.1,59,59,59.1,60.2,61.2,62.2,62,61.7,61.6,61,60,59.5,60,60.7,61.1,60.4,59.3,58.9,58.5,58.1
tunisia,100,100,100,100,100,100,100,99.9,98.4,97.3,95.7,94.8,93.5,91.5,90.3,87,82.9,72.5,65.9,63.2,60.9,58.6,56.2,53.8,53.5,50.4,35.8,35.8,33.3,41.1,40.9,40.9,40.9,40.8,40.8,40.7,40.5,40.3,40.1,40,39.5,39.2,39,39.3,39.9,40.1,40.2,40.2,40.6,38.4,39.3,39.7,40,40,39.7,39.6,39.4,39.4
turkey,100,100,100,100,99.9,99.8,99.5,99.3,97.7,96.2,94.8,88.6,87.7,85.4,84.5,81.8,71.4,65.6,63.6,60.2,56.9,54.9,53.8,49,46.3,41.6,35.3,29,26,51.8,50.7,46.9,49.4,49.4,49.5,48.2,48.3,47.7,45.6,44.5,43.3,42,41,41.1,41.1,41.1,41.3,40.8,42.6,44.5,44.8,45.3,45.2,45.8,46.1,46.9,47.2,45.5
turkmenistan,100,100,100,100,100,NA,NA,NA,100,99.9,99.8,99.7,99.6,99.3,99,98.7,98.6,98.3,98,97,95,92.8,90.4,87.8,85,82,78.8,78.8,78.8,57.7,59,59.1,58.7,57.3,55.8,56.4,55.4,54.3,54.8,55.2,55.8,56.2,56.5,56.3,56.3,56.3,56.1,56.3,56.4,56.1,56,56,56,56,56,55.9,55.8,55.7
uae,100,100,100,100,99.9,99.6,96.7,93.1,85.1,76.4,73.7,71.7,70.5,69.9,60,48,39,37,36,32,22,15,12,9.6,9.5,9.4,5.18,1.55,0.85,71.8,72.2,72.9,73.4,73.8,73.3,73.1,73.3,73.7,74.3,73.6,73.6,74,74.9,76.1,76.5,77.7,79.1,80.6,81.8,81.7,81.5,81.3,81.3,81.6,81.2,80.3,80.3,80.2
uganda,100,100,100,100,100,100,100,99.9,99.9,99.8,99.8,99.6,99.5,99.3,98.3,97.5,96.3,92.1,90.2,87.5,87,85.9,84.5,83.1,82.2,78.1,76.3,76.3,76.3,69.3,69.4,69.3,69.2,69,68.9,68.8,68.6,68.4,68.3,68.1,67.9,67.9,68.6,69.3,69.1,69,68.8,68.3,68.4,68.5,68.6,69.7,69.6,69.5,69.4,69.2,69,68.8
uk,99.8,99.7,99.5,99,98.1,95.9,92.6,86.3,78.7,73.2,66.5,43.5,35.2,34.4,30,31.2,24.9,21.6,16.4,15,14.6,12.5,10.2,8.39,8,5.22,5.38,5.1,7.48,56.9,55.7,54.9,55.1,55.5,55.9,56.7,57.2,57.5,58,58.1,58.2,58.4,58.6,58.8,58.8,58.7,58.7,57.4,57,56.8,57.1,57.5,58.5,59.1,59.5,59.8,60.2,60.6
ukraine,100,100,100,100,100,99.9,99.8,99.7,99.6,99.3,98.8,98.1,96.8,96.5,96.3,95.5,93.5,89,82.1,76.7,71.3,64.7,59,53.8,51.1,47,41.1,41.1,41.1,57,56.8,56.9,57.8,56.3,54.5,53,50.8,49.6,50.3,49.8,50.1,50.5,50.5,51.2,51.2,51.4,51.4,50.1,50.6,51,50.9,51.7,49.4,49.8,49.5,49.3,49.6,49.7
uruguay,100,100,100,99.9,99.7,98.2,96.6,93,90,89.5,88.9,88.6,84.1,82.9,79.9,70.6,66,60.7,58.2,53.6,48.6,45.5,42.3,38.5,35.4,33.6,31.7,31.7,23.1,54.8,55.7,55,55.9,56.5,56.5,56.5,56.5,55.4,54.4,54.1,52.2,51.9,54.1,55,56.8,58.8,60.2,60.7,60.8,61.7,61.2,60.7,61.1,60.1,59.6,59.1,58.6,57.9
usa,98.8,98.3,97.7,95.1,90.8,83.6,78.4,69.9,64.2,56.9,50.9,41.2,38.3,35.2,32,31.1,25,26,29,28.3,30.3,25.3,28.6,27,25.4,14.5,12.7,12.7,12.7,60.6,60.4,60.7,61.7,62.1,62.4,63,63.3,63.6,63.8,62.9,61.9,61.4,61.4,61.7,62.1,62,61.2,58.4,57.5,57.4,58,57.9,58.4,58.7,59.1,59.6,59.9,60.3
uzbekistan,100,100,100,100,100,100,100,100,100,99.5,99.4,98.9,98.1,97.4,96.7,93.6,92.5,90.9,88.1,84.1,81.4,76.4,73.2,64.5,57.2,53.2,47.7,47.7,47.7,61.8,62.1,61.2,60.2,60.1,58.3,58.1,56.5,56.4,57.1,57.7,58.3,58.8,59.2,59.6,59.9,60.1,59.9,59.6,59.3,59.5,59.5,59.4,59.2,59,58.9,58.5,58.4,58.3
vanuatu,100,100,100,100,100,99.9,99.9,99.7,99.5,97.9,97.2,96.5,96.1,95.3,94.9,94.2,93.2,92.7,92.5,92,90.8,89.4,88.7,81.2,77.7,76,74.3,74.3,74.3,66.6,66.5,66.6,66.3,66.3,66.3,66,65.9,65.9,65.7,66.1,66.5,66.5,66.5,66.5,66.3,66.3,66.3,66.3,68.4,68.4,68.4,68.4,68.5,68.7,68.7,68.7,68.7,68.7
venezuela,100,100,100,99.9,99.9,99.8,99.6,98.6,97.2,96.6,95.4,95.1,92.5,91.6,87.5,84.8,79.2,74.1,67.3,62.6,59.8,51,45.1,43,36,40,28,28,28,56.5,57.9,58.7,57.5,56.6,55.7,56.4,56.4,54.1,54.6,55.3,53,52.3,54.1,57.3,59.3,59.7,60.3,60.1,59.3,59.2,58.9,58.4,58.3,58.2,57.6,56.9,55.9,53.8
vietnam,100,100,100,100,100,100,100,100,99.9,99.8,98.7,98.2,96.2,92.4,87.3,82.8,79.2,76.1,73.5,69.3,64.9,63.2,61.5,59,55,47,41.9,29.6,31.3,76,75.9,75.8,75.7,75.6,75.5,74.6,75,75,74.9,74.5,74.9,74.8,74.7,74.6,74.6,74.5,74.6,74.7,75.4,75.8,76,76.7,76.9,76.5,76.1,76.2,76.8,75.8
yemen,100,100,100,100,100,100,100,100,99.9,99.9,99.9,99.5,99.4,99.1,99,98.8,95,93.1,90,87.7,85.1,82.5,80,77.5,75.9,75.4,73.3,73.3,73.3,40.5,40.8,41.1,41.3,41.5,41.5,41.6,41.5,41.5,40.6,39.8,39,38.3,37.6,37,36.5,35.9,35.4,34.8,34.3,33.6,32.9,32.4,31.9,32.3,32.6,32.9,33.2,33.4
zambia,100,100,100,100,100,100,100,100,99.8,99.8,99.8,99.5,99,98,97.2,95.8,95.1,94.5,93.7,90,88.5,86.5,84.6,81,79,74.5,72.2,85.7,85.7,64.8,64.5,64,65.2,66.3,67.3,68.6,69.8,69.4,69,68.7,68.2,67.8,67.4,67,68.9,70.5,71.7,69.2,66.5,68.2,69.5,68.9,68.3,67.6,66.9,66.2,65.7,65.6
zimbabwe,100,100,100,100,100,100,100,99.9,99.8,99.6,99.2,98.9,98.2,97.9,97.6,97.6,97,96.5,96,93.6,91.6,88,84.5,83.6,77.3,76.9,72.9,72.9,72.9,78.5,78.4,78.1,77.8,77.1,76.3,75.6,74.9,74,75,76,76.9,77.8,78.7,78.5,78.5,78.5,78.5,78.2,78.1,78.1,78.2,78.3,78.5,78.6,78.8,78.8,78.8,78.9
